year,active_listings,single_family_starts,listings_index,starts_index,baseline_start,baseline_end
2017,1235221.9166666667,848.5,103.36454609603605,97.58170143436732,2017,2019
2018,1187096.4166666667,871.4166666666666,99.3373584336209,100.21723157524838,2017,2019
2019,1162726.9166666667,888.6666666666666,97.2980954703431,102.20106699038432,2017,2019
2020,828431.5,1000.5,69.32393670623823,115.06245407788391,2017,2019
2021,502981.4166666667,1129.3333333333333,42.08996385749943,129.8789253426189,2017,2019
2022,570374.9166666666,1003.75,47.72951610582879,115.4362201705907,2017,2019
2023,645468.3333333334,947.4166666666666,54.01340471225573,108.95760789700668,2017,2019
2024,825005.4166666666,1015.25,69.03723879077957,116.75877711401463,2017,2019
2025,1009809.1666666666,941.25,84.50179255059612,108.24841069546052,2017,2019
