observation_date,LVXRNSA
1987-01-01,66.3582960000
1987-02-01,67.0301150000
1987-03-01,67.3351610000
1987-04-01,67.8822870000
1987-05-01,67.8988580000
1987-06-01,66.4771590000
1987-07-01,65.4328320000
1987-08-01,65.1360550000
1987-09-01,65.8549140000
1987-10-01,66.2097920000
1987-11-01,67.0464200000
1987-12-01,66.6558950000
1988-01-01,66.6392930000
1988-02-01,65.8942790000
1988-03-01,66.2631110000
1988-04-01,67.1140280000
1988-05-01,67.5142740000
1988-06-01,67.1837080000
1988-07-01,67.3599730000
1988-08-01,68.1069550000
1988-09-01,69.0624410000
1988-10-01,69.1930440000
1988-11-01,68.6398380000
1988-12-01,67.9799210000
1989-01-01,68.7279410000
1989-02-01,69.1145180000
1989-03-01,69.9656580000
1989-04-01,69.6064490000
1989-05-01,69.6405740000
1989-06-01,71.1861290000
1989-07-01,71.5566790000
1989-08-01,72.6482940000
1989-09-01,73.4083080000
1989-10-01,74.2662310000
1989-11-01,74.7409050000
1989-12-01,74.9858780000
1990-01-01,75.4606480000
1990-02-01,75.1402730000
1990-03-01,76.0841770000
1990-04-01,76.7714290000
1990-05-01,77.5924530000
1990-06-01,78.3417410000
1990-07-01,79.5299030000
1990-08-01,80.9514790000
1990-09-01,81.6436310000
1990-10-01,82.4129020000
1990-11-01,81.8457930000
1990-12-01,81.7847380000
1991-01-01,80.9604400000
1991-02-01,81.5824800000
1991-03-01,81.6518510000
1991-04-01,81.6745740000
1991-05-01,82.0164500000
1991-06-01,81.9091830000
1991-07-01,83.3487400000
1991-08-01,84.0694300000
1991-09-01,85.4606200000
1991-10-01,83.8100480000
1991-11-01,81.9813600000
1991-12-01,82.8692980000
1992-01-01,82.8489440000
1992-02-01,83.0931610000
1992-03-01,82.6646730000
1992-04-01,82.4690880000
1992-05-01,82.8916750000
1992-06-01,82.8368940000
1992-07-01,82.8546590000
1992-08-01,82.8019410000
1992-09-01,82.9770580000
1992-10-01,83.6522870000
1992-11-01,83.6666490000
1992-12-01,82.9073660000
1993-01-01,82.3432410000
1993-02-01,82.6665820000
1993-03-01,82.7750720000
1993-04-01,82.3351130000
1993-05-01,81.7198570000
1993-06-01,81.7325660000
1993-07-01,82.1269860000
1993-08-01,82.7333470000
1993-09-01,83.3011970000
1993-10-01,83.6956030000
1993-11-01,84.0289880000
1993-12-01,83.7804580000
1994-01-01,83.7164500000
1994-02-01,83.4787540000
1994-03-01,83.6942020000
1994-04-01,84.0384360000
1994-05-01,85.2589540000
1994-06-01,85.8378440000
1994-07-01,86.4549590000
1994-08-01,86.3715280000
1994-09-01,86.5373520000
1994-10-01,86.6927270000
1994-11-01,86.7667470000
1994-12-01,87.1741070000
1995-01-01,87.0424960000
1995-02-01,87.3359200000
1995-03-01,87.3885130000
1995-04-01,87.9944600000
1995-05-01,88.0417370000
1995-06-01,88.0285900000
1995-07-01,88.1026490000
1995-08-01,88.5998970000
1995-09-01,88.9588660000
1995-10-01,89.2126650000
1995-11-01,89.1546120000
1995-12-01,89.0420220000
1996-01-01,88.9054480000
1996-02-01,89.2526740000
1996-03-01,89.1291470000
1996-04-01,89.5883770000
1996-05-01,89.7674490000
1996-06-01,90.2614130000
1996-07-01,90.4297430000
1996-08-01,90.3708860000
1996-09-01,90.1014710000
1996-10-01,89.8797560000
1996-11-01,89.5807650000
1996-12-01,90.0127210000
1997-01-01,90.4931410000
1997-02-01,91.3878900000
1997-03-01,91.6184780000
1997-04-01,91.4608300000
1997-05-01,91.4822780000
1997-06-01,91.8021240000
1997-07-01,92.3201140000
1997-08-01,92.7392720000
1997-09-01,92.8810990000
1997-10-01,93.0973160000
1997-11-01,93.0074880000
1997-12-01,93.0417600000
1998-01-01,92.9404260000
1998-02-01,93.2997340000
1998-03-01,94.4841160000
1998-04-01,94.5838030000
1998-05-01,94.5039470000
1998-06-01,94.3219210000
1998-07-01,94.5809920000
1998-08-01,94.6854240000
1998-09-01,95.1372290000
1998-10-01,95.1369040000
1998-11-01,95.4583500000
1998-12-01,95.4600400000
1999-01-01,95.9161930000
1999-02-01,96.3834600000
1999-03-01,96.3286740000
1999-04-01,96.5864220000
1999-05-01,97.2723490000
1999-06-01,98.0695730000
1999-07-01,98.5837580000
1999-08-01,98.5271740000
1999-09-01,99.0285390000
1999-10-01,99.3360740000
1999-11-01,99.7815210000
1999-12-01,99.6878170000
2000-01-01,100.0000000000
2000-02-01,100.3293800000
2000-03-01,100.9006500000
2000-04-01,101.2009200000
2000-05-01,101.9327400000
2000-06-01,102.4439600000
2000-07-01,103.1429000000
2000-08-01,103.7267700000
2000-09-01,104.5054200000
2000-10-01,105.1610800000
2000-11-01,105.3398100000
2000-12-01,105.3586900000
2001-01-01,105.2256900000
2001-02-01,105.3891900000
2001-03-01,106.2086500000
2001-04-01,107.4030400000
2001-05-01,108.5619500000
2001-06-01,109.7639400000
2001-07-01,110.9296500000
2001-08-01,111.7357300000
2001-09-01,112.5429200000
2001-10-01,112.7328500000
2001-11-01,113.3032100000
2001-12-01,113.3210600000
2002-01-01,113.7043000000
2002-02-01,113.9577000000
2002-03-01,114.3158300000
2002-04-01,114.7185500000
2002-05-01,115.6307700000
2002-06-01,116.6994000000
2002-07-01,117.6109600000
2002-08-01,118.3355800000
2002-09-01,118.9074400000
2002-10-01,119.9842700000
2002-11-01,120.9344700000
2002-12-01,121.7321800000
2003-01-01,121.9400300000
2003-02-01,122.4567200000
2003-03-01,122.9369500000
2003-04-01,124.4638100000
2003-05-01,125.6786700000
2003-06-01,127.3772000000
2003-07-01,129.3041700000
2003-08-01,131.8488700000
2003-09-01,134.1636800000
2003-10-01,136.7683000000
2003-11-01,139.1590700000
2003-12-01,142.6880600000
2004-01-01,145.9549600000
2004-02-01,149.9334500000
2004-03-01,157.8706900000
2004-04-01,166.3193800000
2004-05-01,174.9765900000
2004-06-01,185.5519000000
2004-07-01,195.0286300000
2004-08-01,201.7059300000
2004-09-01,205.4901800000
2004-10-01,207.0739900000
2004-11-01,207.4759600000
2004-12-01,207.6168500000
2005-01-01,207.3504800000
2005-02-01,209.3091100000
2005-03-01,210.9810800000
2005-04-01,214.5160700000
2005-05-01,217.2781200000
2005-06-01,219.8659700000
2005-07-01,221.9270900000
2005-08-01,224.5148500000
2005-09-01,226.5890100000
2005-10-01,227.8085600000
2005-11-01,228.7675400000
2005-12-01,229.4152100000
2006-01-01,230.4845100000
2006-02-01,231.9360100000
2006-03-01,232.3807300000
2006-04-01,233.7819200000
2006-05-01,234.3881600000
2006-06-01,233.7533100000
2006-07-01,234.2931000000
2006-08-01,234.7812800000
2006-09-01,234.7055600000
2006-10-01,233.8042200000
2006-11-01,232.5626900000
2006-12-01,231.5744800000
2007-01-01,230.5238900000
2007-02-01,229.6431600000
2007-03-01,228.5508000000
2007-04-01,226.6533400000
2007-05-01,224.7932400000
2007-06-01,221.8610800000
2007-07-01,219.9149600000
2007-08-01,216.8251600000
2007-09-01,213.4659000000
2007-10-01,208.6770700000
2007-11-01,201.9516100000
2007-12-01,196.0508000000
2008-01-01,186.0454500000
2008-02-01,177.1812900000
2008-03-01,169.3093300000
2008-04-01,165.7086400000
2008-05-01,161.1008400000
2008-06-01,158.7972700000
2008-07-01,154.6382000000
2008-08-01,150.9327400000
2008-09-01,146.8610200000
2008-10-01,142.7373300000
2008-11-01,138.0403800000
2008-12-01,131.3967700000
2009-01-01,125.6775300000
2009-02-01,121.1089100000
2009-03-01,116.5250100000
2009-04-01,112.4005500000
2009-05-01,109.4969800000
2009-06-01,107.3052700000
2009-07-01,106.0752300000
2009-08-01,105.7846300000
2009-09-01,104.8219600000
2009-10-01,104.7051800000
2009-11-01,104.2188300000
2009-12-01,104.3785000000
2010-01-01,103.8233700000
2010-02-01,103.3953200000
2010-03-01,102.5818600000
2010-04-01,102.8237000000
2010-05-01,102.3462900000
2010-06-01,101.7682600000
2010-07-01,100.9145200000
2010-08-01,101.0278900000
2010-09-01,101.1803200000
2010-10-01,100.9718500000
2010-11-01,100.5905600000
2010-12-01,99.4772910000
2011-01-01,99.2349820000
2011-02-01,98.2832860000
2011-03-01,97.1755650000
2011-04-01,96.4693360000
2011-05-01,95.5968700000
2011-06-01,95.6711870000
2011-07-01,95.4763990000
2011-08-01,95.1837740000
2011-09-01,93.7954540000
2011-10-01,92.3633880000
2011-11-01,91.4116440000
2011-12-01,90.6973460000
2012-01-01,90.2375030000
2012-02-01,89.8775200000
2012-03-01,89.8666170000
2012-04-01,90.8383550000
2012-05-01,92.5498730000
2012-06-01,93.9401880000
2012-07-01,94.5716340000
2012-08-01,96.0347630000
2012-09-01,97.3815980000
2012-10-01,100.1385700000
2012-11-01,100.5647300000
2012-12-01,102.4130200000
2013-01-01,104.0363600000
2013-02-01,105.4639300000
2013-03-01,108.3609700000
2013-04-01,111.0549900000
2013-05-01,114.0882000000
2013-06-01,117.2847000000
2013-07-01,120.5785300000
2013-08-01,124.0879700000
2013-09-01,125.7395600000
2013-10-01,127.2336900000
2013-11-01,128.0017300000
2013-12-01,128.5285100000
2014-01-01,129.9307000000
2014-02-01,129.8515500000
2014-03-01,131.3266399263
2014-04-01,131.9102294210
2014-05-01,133.3322781095
2014-06-01,135.0209694194
2014-07-01,135.8970961418
2014-08-01,136.6414107780
2014-09-01,137.0678079786
2014-10-01,137.1344565019
2014-11-01,137.5525553935
2014-12-01,137.3081192408
2015-01-01,137.5388510517
2015-02-01,137.2764400825
2015-03-01,138.7455998722
2015-04-01,140.0929734859
2015-05-01,142.1198281642
2015-06-01,143.1420536520
2015-07-01,144.4073079768
2015-08-01,144.8842132472
2015-09-01,144.9680019034
2015-10-01,144.8305217326
2015-11-01,144.7156362555
2015-12-01,145.3365729933
2016-01-01,145.6853543148
2016-02-01,146.1556112324
2016-03-01,147.0615051051
2016-04-01,148.5208719197
2016-05-01,150.3181400508
2016-06-01,151.3933679538
2016-07-01,152.2870521509
2016-08-01,152.2590805411
2016-09-01,153.0900858153
2016-10-01,152.8907711108
2016-11-01,153.3316879256
2016-12-01,153.7063250308
2017-01-01,154.7521837141
2017-02-01,155.3383840218
2017-03-01,156.6009401831
2017-04-01,158.5956110106
2017-05-01,160.7744169459
2017-06-01,162.3990899568
2017-07-01,163.6643345760
2017-08-01,165.2788943262
2017-09-01,166.8864563211
2017-10-01,168.3862470617
2017-11-01,169.5584535646
2017-12-01,170.8128472957
2018-01-01,171.6254895283
2018-02-01,173.3428900755
2018-03-01,175.8583550073
2018-04-01,178.7101683557
2018-05-01,181.0316663821
2018-06-01,183.4912560338
2018-07-01,186.0099238217
2018-08-01,188.1392019552
2018-09-01,189.3165136166
2018-10-01,189.9691101014
2018-11-01,189.9559492746
2018-12-01,190.2238536273
2019-01-01,189.7175403148
2019-02-01,190.0858202359
2019-03-01,190.2930353187
2019-04-01,191.4046884304
2019-05-01,192.5887552065
2019-06-01,193.5298222623
2019-07-01,194.6889552891
2019-08-01,194.3461720435
2019-09-01,194.6623230555
2019-10-01,194.2930046325
2019-11-01,195.0057274610
2019-12-01,195.1712957091
2020-01-01,195.8781078123
2020-02-01,196.8817179123
2020-03-01,198.7520693958
2020-04-01,200.3685605652
2020-05-01,200.8227934968
2020-06-01,200.0987927326
2020-07-01,201.2777543502
2020-08-01,203.5839174900
2020-09-01,205.1627314251
2020-10-01,206.8711736809
2020-11-01,208.3680915567
2020-12-01,210.6878619820
2021-01-01,213.0079429873
2021-02-01,215.2326953489
2021-03-01,220.2486494339
2021-04-01,225.4427405508
2021-05-01,232.0676639463
2021-06-01,239.7820631016
2021-07-01,246.3948835834
2021-08-01,251.9193444521
2021-09-01,255.7499409131
2021-10-01,259.3522319692
2021-11-01,261.7414752546
2021-12-01,264.2827862644
2022-01-01,268.7726663854
2022-02-01,274.4315598589
2022-03-01,282.8941753115
2022-04-01,289.4577979828
2022-05-01,295.6179481385
2022-06-01,299.9251587011
2022-07-01,300.0927166022
2022-08-01,296.0070660354
2022-09-01,288.7529755326
2022-10-01,283.6187195907
2022-11-01,278.8347784589
2022-12-01,273.5812015696
2023-01-01,269.5969553674
2023-02-01,267.1257966114
2023-03-01,268.5705564611
2023-04-01,270.3685622197
2023-05-01,272.8217461592
2023-06-01,275.3545647476
2023-07-01,278.4446899996
2023-08-01,281.5044948807
2023-09-01,283.1614390930
2023-10-01,284.0510178109
2023-11-01,284.5783826230
2023-12-01,285.0541232184
2024-01-01,284.7834430571
2024-02-01,286.6271040733
2024-03-01,289.1939699924
2024-04-01,292.4934552702
2024-05-01,296.1075095432
2024-06-01,298.5817352766
2024-07-01,301.2669418750
2024-08-01,301.8640318934
2024-09-01,302.1019458664
2024-10-01,300.6890204650
2024-11-01,300.3889516728
2024-12-01,300.4801651317
2025-01-01,300.4368198127
2025-02-01,300.6440154843
2025-03-01,302.6455967164
2025-04-01,304.5196460428
2025-05-01,305.9045027782
2025-06-01,305.7981582507
2025-07-01,304.1380500049
2025-08-01,302.4564243895
2025-09-01,299.8319264723
2025-10-01,298.7408007563
2025-11-01,299.1392069358
2025-12-01,297.7311343466
2026-01-01,297.5266271331
2026-02-01,297.3898457672
2026-03-01,298.7749839657
2026-04-01,299.3452767549
2026-05-01,300.2065441662
2026-06-01,299.9992999665
