observation_date,SDXRNSA
1987-01-01,54.6675900000
1987-02-01,54.8914490000
1987-03-01,55.1624810000
1987-04-01,55.8541400000
1987-05-01,56.3507550000
1987-06-01,56.8579050000
1987-07-01,57.2624780000
1987-08-01,57.6917820000
1987-09-01,58.1380570000
1987-10-01,58.5255440000
1987-11-01,59.0227230000
1987-12-01,59.4009110000
1988-01-01,59.8639750000
1988-02-01,60.1227840000
1988-03-01,60.8743930000
1988-04-01,61.1901300000
1988-05-01,61.6806440000
1988-06-01,61.5433420000
1988-07-01,64.8097120000
1988-08-01,65.6414640000
1988-09-01,66.4504350000
1988-10-01,67.4741930000
1988-11-01,68.6185680000
1988-12-01,69.8433190000
1989-01-01,70.9607330000
1989-02-01,72.2716730000
1989-03-01,73.9208850000
1989-04-01,75.4477290000
1989-05-01,76.8293550000
1989-06-01,78.3079490000
1989-07-01,79.3594110000
1989-08-01,80.5575150000
1989-09-01,81.5835470000
1989-10-01,82.4393080000
1989-11-01,82.9964520000
1989-12-01,83.5523150000
1990-01-01,83.7748220000
1990-02-01,84.0838690000
1990-03-01,84.4329930000
1990-04-01,85.0894070000
1990-05-01,85.5322170000
1990-06-01,86.0078270000
1990-07-01,86.0167120000
1990-08-01,85.8623130000
1990-09-01,85.7594280000
1990-10-01,85.3193810000
1990-11-01,84.9752090000
1990-12-01,83.9311360000
1991-01-01,83.1318770000
1991-02-01,81.8726300000
1991-03-01,80.8924680000
1991-04-01,80.7259130000
1991-05-01,81.4051040000
1991-06-01,82.1973970000
1991-07-01,82.5884040000
1991-08-01,82.4716210000
1991-09-01,82.2012150000
1991-10-01,82.0229060000
1991-11-01,81.7591520000
1991-12-01,81.1368380000
1992-01-01,80.4840910000
1992-02-01,79.8675670000
1992-03-01,79.9776120000
1992-04-01,80.1833580000
1992-05-01,80.4013810000
1992-06-01,80.2678870000
1992-07-01,80.1030740000
1992-08-01,79.8044690000
1992-09-01,79.5772260000
1992-10-01,78.4779510000
1992-11-01,78.1829600000
1992-12-01,77.1945510000
1993-01-01,77.2479850000
1993-02-01,76.3232060000
1993-03-01,75.9436030000
1993-04-01,75.4573890000
1993-05-01,75.5697810000
1993-06-01,75.4044370000
1993-07-01,75.0239450000
1993-08-01,74.7092350000
1993-09-01,74.7938070000
1993-10-01,74.5322210000
1993-11-01,74.5068520000
1993-12-01,73.7410200000
1994-01-01,73.8400140000
1994-02-01,73.4713340000
1994-03-01,73.3900910000
1994-04-01,73.6183970000
1994-05-01,74.3177900000
1994-06-01,74.8140550000
1994-07-01,75.1029500000
1994-08-01,74.7475340000
1994-09-01,74.2317970000
1994-10-01,73.9858520000
1994-11-01,73.6012700000
1994-12-01,73.0151070000
1995-01-01,72.5805790000
1995-02-01,72.5304300000
1995-03-01,72.4142760000
1995-04-01,72.5866860000
1995-05-01,72.6208600000
1995-06-01,72.4801520000
1995-07-01,72.6297110000
1995-08-01,72.7245510000
1995-09-01,72.7122780000
1995-10-01,72.3346020000
1995-11-01,71.7931510000
1995-12-01,71.3559590000
1996-01-01,71.3632110000
1996-02-01,71.3936390000
1996-03-01,71.2229330000
1996-04-01,71.5559590000
1996-05-01,72.0478780000
1996-06-01,72.2347960000
1996-07-01,72.2624310000
1996-08-01,72.0205730000
1996-09-01,72.2318780000
1996-10-01,72.0680920000
1996-11-01,72.1989590000
1996-12-01,71.7444420000
1997-01-01,71.9515290000
1997-02-01,72.0432340000
1997-03-01,72.4489000000
1997-04-01,73.0393020000
1997-05-01,73.5580040000
1997-06-01,74.4907150000
1997-07-01,74.9856110000
1997-08-01,75.7269330000
1997-09-01,75.9507860000
1997-10-01,76.4690210000
1997-11-01,76.7736370000
1997-12-01,77.5717350000
1998-01-01,78.2331300000
1998-02-01,79.0345760000
1998-03-01,80.4452050000
1998-04-01,81.8806220000
1998-05-01,83.1333140000
1998-06-01,84.5672220000
1998-07-01,85.8076130000
1998-08-01,87.0502470000
1998-09-01,87.8158110000
1998-10-01,88.0861710000
1998-11-01,88.2765190000
1998-12-01,88.3296130000
1999-01-01,89.1826310000
1999-02-01,90.0466620000
1999-03-01,91.3218320000
1999-04-01,92.2726640000
1999-05-01,93.1128090000
1999-06-01,94.6541830000
1999-07-01,95.7072440000
1999-08-01,96.8804550000
1999-09-01,97.7666910000
1999-10-01,98.5451090000
1999-11-01,99.1864910000
1999-12-01,99.4719600000
2000-01-01,100.0000000000
2000-02-01,101.0747400000
2000-03-01,103.2593500000
2000-04-01,105.4160300000
2000-05-01,107.1518800000
2000-06-01,109.6397900000
2000-07-01,111.2051700000
2000-08-01,112.8383700000
2000-09-01,113.6628600000
2000-10-01,114.2206600000
2000-11-01,115.4850300000
2000-12-01,116.3184100000
2001-01-01,117.5411700000
2001-02-01,118.4584200000
2001-03-01,121.1870600000
2001-04-01,122.9290100000
2001-05-01,124.2981300000
2001-06-01,125.2815600000
2001-07-01,126.3363400000
2001-08-01,127.1932800000
2001-09-01,128.1925400000
2001-10-01,129.1411200000
2001-11-01,129.7105500000
2001-12-01,129.3133600000
2002-01-01,128.7931100000
2002-02-01,129.8186000000
2002-03-01,131.7568300000
2002-04-01,135.0404700000
2002-05-01,138.1443200000
2002-06-01,141.4135300000
2002-07-01,144.1517300000
2002-08-01,147.2495800000
2002-09-01,149.5423600000
2002-10-01,151.8688000000
2002-11-01,153.5797000000
2002-12-01,154.4295300000
2003-01-01,155.4034400000
2003-02-01,156.1684700000
2003-03-01,157.7506500000
2003-04-01,160.2256300000
2003-05-01,162.5516700000
2003-06-01,165.2577300000
2003-07-01,167.9826200000
2003-08-01,171.2735500000
2003-09-01,175.0304700000
2003-10-01,178.6986500000
2003-11-01,181.7923500000
2003-12-01,184.1119900000
2004-01-01,186.3305900000
2004-02-01,189.8927600000
2004-03-01,196.4041700000
2004-04-01,203.6351500000
2004-05-01,210.9411800000
2004-06-01,218.1762700000
2004-07-01,224.2224500000
2004-08-01,227.6691000000
2004-09-01,230.6436600000
2004-10-01,232.2763200000
2004-11-01,232.6263300000
2004-12-01,233.0808400000
2005-01-01,233.7761300000
2005-02-01,235.6433500000
2005-03-01,236.5578500000
2005-04-01,239.5849900000
2005-05-01,241.9984000000
2005-06-01,245.3475100000
2005-07-01,247.3303800000
2005-08-01,248.4546500000
2005-09-01,249.0256100000
2005-10-01,249.7865300000
2005-11-01,250.3439000000
2005-12-01,248.5518500000
2006-01-01,247.4588000000
2006-02-01,247.8891300000
2006-03-01,248.0923900000
2006-04-01,249.3542900000
2006-05-01,249.1434300000
2006-06-01,249.5954900000
2006-07-01,249.0528700000
2006-08-01,247.2963100000
2006-09-01,246.5969300000
2006-10-01,244.0344300000
2006-11-01,242.1094900000
2006-12-01,238.0788400000
2007-01-01,237.1456900000
2007-02-01,235.5288700000
2007-03-01,233.2719100000
2007-04-01,232.6575200000
2007-05-01,231.7813500000
2007-06-01,231.3590300000
2007-07-01,229.6624900000
2007-08-01,226.7268800000
2007-09-01,222.8181200000
2007-10-01,217.0207700000
2007-11-01,209.6036400000
2007-12-01,202.4501900000
2008-01-01,197.4474800000
2008-02-01,190.3396000000
2008-03-01,185.4172800000
2008-04-01,180.5613300000
2008-05-01,178.0275200000
2008-06-01,175.3665800000
2008-07-01,172.2019300000
2008-08-01,168.2271400000
2008-09-01,164.1197400000
2008-10-01,159.1245000000
2008-11-01,155.4720800000
2008-12-01,152.1633700000
2009-01-01,148.2609600000
2009-02-01,146.8331600000
2009-03-01,144.5791300000
2009-04-01,144.4300200000
2009-05-01,145.0641100000
2009-06-01,147.3050000000
2009-07-01,150.9946500000
2009-08-01,153.3427200000
2009-09-01,154.7571100000
2009-10-01,155.3686200000
2009-11-01,156.0617400000
2009-12-01,156.2867400000
2010-01-01,156.9510900000
2010-02-01,157.9242000000
2010-03-01,160.2165700000
2010-04-01,161.3859900000
2010-05-01,163.1087300000
2010-06-01,163.8216400000
2010-07-01,165.0248100000
2010-08-01,163.9922900000
2010-09-01,162.4336300000
2010-10-01,159.9894200000
2010-11-01,160.0757100000
2010-12-01,158.9686900000
2011-01-01,157.0339000000
2011-02-01,155.0520300000
2011-03-01,153.8814600000
2011-04-01,154.4995400000
2011-05-01,154.7790300000
2011-06-01,155.0636300000
2011-07-01,155.2214700000
2011-08-01,154.9132300000
2011-09-01,153.7206100000
2011-10-01,152.8607200000
2011-11-01,151.4483700000
2011-12-01,150.4189300000
2012-01-01,148.7384900000
2012-02-01,149.0729100000
2012-03-01,149.6807100000
2012-04-01,151.7510600000
2012-05-01,153.0557000000
2012-06-01,154.7594800000
2012-07-01,156.4753000000
2012-08-01,157.8419400000
2012-09-01,160.0905600000
2012-10-01,162.0966900000
2012-11-01,163.6138800000
2012-12-01,164.3079400000
2013-01-01,163.2826700000
2013-02-01,164.2507300000
2013-03-01,167.8417300000
2013-04-01,174.0811100000
2013-05-01,179.5636600000
2013-06-01,184.5730700000
2013-07-01,188.3290100000
2013-08-01,191.7752700000
2013-09-01,193.5142900000
2013-10-01,194.0662900000
2013-11-01,194.1515800000
2013-12-01,193.8681300000
2014-01-01,194.9418900000
2014-02-01,196.9650900000
2014-03-01,199.4085829327
2014-04-01,200.8053274127
2014-05-01,202.0056729836
2014-06-01,203.0784158362
2014-07-01,203.6305744119
2014-08-01,203.3124427996
2014-09-01,203.1773840983
2014-10-01,203.0128205926
2014-11-01,203.9221894154
2014-12-01,203.3762973467
2015-01-01,204.6571114450
2015-02-01,205.9330612639
2015-03-01,208.5123091764
2015-04-01,209.7592087061
2015-05-01,211.5500468562
2015-06-01,212.0874481945
2015-07-01,214.5915850565
2015-08-01,215.3508865066
2015-09-01,216.4876096232
2015-10-01,215.6240694690
2015-11-01,216.3402886826
2015-12-01,217.6587501763
2016-01-01,218.7445095699
2016-02-01,218.9721056272
2016-03-01,221.2909646960
2016-04-01,222.9601571778
2016-05-01,225.0421751572
2016-06-01,225.9712428612
2016-07-01,227.3879376563
2016-08-01,227.7701268970
2016-09-01,228.0071517265
2016-10-01,228.2124185169
2016-11-01,228.8416029094
2016-12-01,229.3032646122
2017-01-01,231.0210321947
2017-02-01,233.1831802329
2017-03-01,235.3578709558
2017-04-01,237.4582436119
2017-05-01,239.8630253903
2017-06-01,241.9784067179
2017-07-01,243.5136139278
2017-08-01,245.5209076780
2017-09-01,246.5310821647
2017-10-01,246.4470548802
2017-11-01,245.6810904310
2017-12-01,246.2563519166
2018-01-01,248.0786676603
2018-02-01,250.9253252255
2018-03-01,253.3629578136
2018-04-01,255.5899758051
2018-05-01,256.9672244852
2018-06-01,258.4401534453
2018-07-01,258.4910107924
2018-08-01,257.3229067875
2018-09-01,256.0834438998
2018-10-01,255.2554429643
2018-11-01,253.3622518645
2018-12-01,251.6866574881
2019-01-01,251.2900978314
2019-02-01,253.7636951417
2019-03-01,256.3735502997
2019-04-01,257.5726387010
2019-05-01,259.9921680462
2019-06-01,261.8340569542
2019-07-01,263.5394269099
2019-08-01,262.9829069226
2019-09-01,263.0991564320
2019-10-01,262.4468207771
2019-11-01,263.2686905930
2019-12-01,263.3114150197
2020-01-01,264.2003596711
2020-02-01,265.6174993108
2020-03-01,269.4170044273
2020-04-01,272.5656341397
2020-05-01,273.6628047654
2020-06-01,275.3217077972
2020-07-01,278.1057873260
2020-08-01,283.0336408752
2020-09-01,287.9787756716
2020-10-01,292.8859729566
2020-11-01,295.4823377173
2020-12-01,297.6351827001
2021-01-01,302.0174052850
2021-02-01,311.0062745765
2021-03-01,321.3711643901
2021-04-01,331.5868571791
2021-05-01,341.0379780761
2021-06-01,349.6430238064
2021-07-01,355.4228418786
2021-08-01,357.2641795660
2021-09-01,359.9666784558
2021-10-01,363.9344412226
2021-11-01,367.8327308610
2021-12-01,374.4588561927
2022-01-01,384.1257654229
2022-02-01,401.4378616939
2022-03-01,416.4467264817
2022-04-01,425.9010966787
2022-05-01,427.7993261275
2022-06-01,424.8300171583
2022-07-01,413.9892499544
2022-08-01,402.4632189216
2022-09-01,393.7843386514
2022-10-01,390.6034770436
2022-11-01,385.3942302471
2022-12-01,380.0912082662
2023-01-01,378.8430322259
2023-02-01,384.5197430466
2023-03-01,394.1326616761
2023-04-01,402.0186257142
2023-05-01,409.1003686640
2023-06-01,413.4609969428
2023-07-01,416.5798414053
2023-08-01,418.8725320046
2023-09-01,419.1329401894
2023-10-01,418.5984110002
2023-11-01,416.7648677645
2023-12-01,413.0910409298
2024-01-01,421.5332058276
2024-02-01,428.7233844940
2024-03-01,437.7996464164
2024-04-01,443.1597922516
2024-05-01,446.3426169782
2024-06-01,448.9744339227
2024-07-01,445.9864221374
2024-08-01,442.7835794020
2024-09-01,438.9852154088
2024-10-01,437.1916114855
2024-11-01,435.3473339552
2024-12-01,435.0853978257
2025-01-01,435.3035844518
2025-02-01,439.7865740185
2025-03-01,444.2928599057
2025-04-01,447.1507159513
2025-05-01,447.2488235358
2025-06-01,445.6429343806
2025-07-01,442.5348242127
2025-08-01,439.0799866585
2025-09-01,434.9335510745
2025-10-01,434.4597721904
2025-11-01,436.9172197061
2025-12-01,439.1093077226
2026-01-01,438.2875249415
2026-02-01,442.7700793342
2026-03-01,448.0947729856
2026-04-01,451.7238929338
2026-05-01,450.9450473311
2026-06-01,450.3432305546
